App Developer, Software Development, Professional
Assistenz der Geschäftsführung, Central Functions, junior
python developer, Software Development, Professional
(Junior) Java Developer (m/w/d) , Software Development, junior
Werkstudent (m/w/d) im Bereich Design, Central Functions, werkstudent
Computational Linguist, Software Development,Professional
Senior Python Developer, Software Development,Professional
Testautomatisierer, Software Testing,Professional
java entwickler (Backend/Fullstack), Software Development,Professional
Frontend Web & mobile Entwickler, Software Development,Professional
Java/Backend Entwickler, Software Development,Professional
Werkstudent im Bereich Software Testing,Software Testing,werkstudent
Praktikant im Bereich Human Resources, Central Functions, Praktikant
Mitarbeiter Human Resources & legal, Central Functions,Professional
Expert tets-Automation Embedded Python, Software Testing,Professional
(Young) Professional (m/w/d) im Bereich Software Development Java, Software Development,junior
Absolvent (m/w/d) im Bereich Software Testing,Software Testing,Professional